{"dark_green_solid":{"pcs":[10,20,30,40],"infamous":true,"colors":["Color(1, 0.027450982481241, 0.23921570181847, 0.035294119268656)","Color(1, 0.027450982481241, 0.23921570181847, 0.035294119268656)"],"value":6,"name_id":"bm_clr_dark_green_solid"},"red_black":{"value":1,"colors":["Color(1, 1, 0, 0)","Color(1, 0, 0, 0)"],"pcs":[10,20,30,40],"name_id":"bm_clr_red_black"},"coral_red_matte_blue":{"value":3,"colors":["Color(1, 0.83529418706894, 0.14117647707462, 0.20784315466881)","Color(1, 0.21960785984993, 0.38039219379425, 0.65882354974747)"],"pcs":[10,20,30,40],"name_id":"bm_clr_coral_red_matte_blue"},"pink_solid":{"pcs":[10,20,30,40],"infamous":true,"colors":["Color(1, 1, 0.47843140363693, 0.90196084976196)","Color(1, 1, 0.47843140363693, 0.90196084976196)"],"value":7,"name_id":"bm_clr_pink_solid"},"black_leaf_green":{"value":3,"colors":["Color(1, 0, 0, 0)","Color(1, 0.4078431725502, 0.74901962280273, 0.21176472306252)"],"pcs":[10,20,30,40],"name_id":"bm_clr_black_leaf_green"},"bright_yellow_turquoise":{"value":4,"colors":["Color(1, 1, 0.8117647767067, 0.29803922772408)","Color(1, 0, 0.81960791349411, 0.61568629741669)"],"pcs":[10,20,30,40],"name_id":"bm_clr_bright_yellow_turquoise"},"black_bright_yellow":{"value":2,"colors":["Color(1, 0, 0, 0)","Color(1, 1, 0.8117647767067, 0.29803922772408)"],"pcs":[10,20,30,40],"name_id":"bm_clr_black_bright_yellow"},"white_purple":{"value":2,"colors":["Color(1, 1, 1, 1)","Color(1, 0.60392159223557, 0.26666668057442, 0.86274516582489)"],"pcs":[10,20,30,40],"name_id":"bm_clr_white_purple"},"orange_blue":{"value":3,"colors":["Color(1, 1, 0.36862745881081, 0.05882353335619)","Color(1, 0, 0, 1)"],"pcs":[10,20,30,40],"name_id":"bm_clr_orange_blue"},"dark_gray_solid":{"pcs":[10,20,30,40],"infamous":true,"colors":["Color(1, 0.25098040699959, 0.25098040699959, 0.25098040699959)","Color(1, 0.25098040699959, 0.25098040699959, 0.25098040699959)"],"value":8,"name_id":"bm_clr_dark_gray_solid"},"bone_white_purple":{"value":4,"colors":["Color(1, 1, 0.93333339691162, 0.59215688705444)","Color(1, 0.60392159223557, 0.26666668057442, 0.86274516582489)"],"pcs":[10,20,30,40],"name_id":"bm_clr_bone_white_purple"},"green_solid":{"value":8,"colors":["Color(1, 0, 1, 0)","Color(1, 0, 1, 0)"],"pcs":[10,20,30,40],"name_id":"bm_clr_green_solid"},"yellow_blue":{"value":5,"colors":["Color(1, 1, 1, 0)","Color(1, 0, 0, 1)"],"pcs":[10,20,30,40],"name_id":"bm_clr_yellow_blue"},"white_magenta":{"value":4,"colors":["Color(1, 1, 1, 1)","Color(1, 1, 0, 1)"],"pcs":[10,20,30,40],"name_id":"bm_clr_white_magenta"},"orange_gray_blue":{"value":4,"colors":["Color(1, 1, 0.36862745881081, 0.05882353335619)","Color(1, 0.047058828175068, 0.26666668057442, 0.32941177487373)"],"pcs":[10,20,30,40],"name_id":"bm_clr_orange_gray_blue"},"coral_red_lime_green":{"value":3,"colors":["Color(1, 0.83529418706894, 0.14117647707462, 0.20784315466881)","Color(1, 0, 0.65098041296005, 0.31764706969261)"],"pcs":[10,20,30,40],"name_id":"bm_clr_coral_red_lime_green"},"toxic_green_leaf_green":{"value":2,"colors":["Color(1, 0.65490198135376, 0.97254908084869, 0.34117648005486)","Color(1, 0.4078431725502, 0.74901962280273, 0.21176472306252)"],"pcs":[10,20,30,40],"name_id":"bm_clr_toxic_green_leaf_green"},"dark_red_solid":{"value":5,"colors":["Color(1, 0.43137258291245, 0.05882353335619, 0.086274512112141)","Color(1, 0.43137258291245, 0.05882353335619, 0.086274512112141)"],"pcs":[10,20,30,40],"name_id":"bm_clr_dark_red_solid"},"light_gray_dark_gray":{"value":2,"colors":["Color(1, 0.74901962280273, 0.74901962280273, 0.74901962280273)","Color(1, 0.25098040699959, 0.25098040699959, 0.25098040699959)"],"pcs":[10,20,30,40],"name_id":"bm_clr_light_gray_dark_gray"},"toxic_green_dark_green":{"value":4,"colors":["Color(1, 0.65490198135376, 0.97254908084869, 0.34117648005486)","Color(1, 0.027450982481241, 0.23921570181847, 0.035294119268656)"],"pcs":[10,20,30,40],"name_id":"bm_clr_toxic_green_dark_green"},"light_brown_brown":{"value":3,"colors":["Color(1, 0.80000007152557, 0.45098042488098, 0.13725490868092)","Color(1, 0.50196081399918, 0.27450981736183, 0.050980396568775)"],"pcs":[10,20,30,40],"name_id":"bm_clr_light_brown_brown"},"light_gray_solid":{"value":7,"colors":["Color(1, 0.74901962280273, 0.74901962280273, 0.74901962280273)","Color(1, 0.74901962280273, 0.74901962280273, 0.74901962280273)"],"pcs":[10,20,30,40],"name_id":"bm_clr_light_gray_solid"},"pink_matte_purple":{"value":2,"colors":["Color(1, 1, 0.47843140363693, 0.90196084976196)","Color(1, 0.41960787773132, 0.32941177487373, 0.56470590829849)"],"pcs":[10,20,30,40],"name_id":"bm_clr_pink_matte_purple"},"light_blue_gray_blue":{"value":3,"colors":["Color(1, 0.49411767721176, 0.77647066116333, 0.93333339691162)","Color(1, 0.047058828175068, 0.26666668057442, 0.32941177487373)"],"pcs":[10,20,30,40],"name_id":"bm_clr_light_blue_gray_blue"},"toxic_green_matte_purple":{"value":2,"colors":["Color(1, 0.65490198135376, 0.97254908084869, 0.34117648005486)","Color(1, 0.41960787773132, 0.32941177487373, 0.56470590829849)"],"pcs":[10,20,30,40],"name_id":"bm_clr_toxic_green_matte_purple"},"warm_yellow_matte_purple":{"value":3,"colors":["Color(1, 0.98039221763611, 0.61568629741669, 0.027450982481241)","Color(1, 0.41960787773132, 0.32941177487373, 0.56470590829849)"],"pcs":[10,20,30,40],"name_id":"bm_clr_warm_yellow_matte_purple"},"orange_matte_blue":{"value":3,"colors":["Color(1, 1, 0.36862745881081, 0.05882353335619)","Color(1, 0.21960785984993, 0.38039219379425, 0.65882354974747)"],"pcs":[10,20,30,40],"name_id":"bm_clr_orange_matte_blue"},"white_black":{"pcs":[10,20,30,40],"infamous":true,"colors":["Color(1, 1, 1, 1)","Color(1, 0, 0, 0)"],"value":3,"name_id":"bm_clr_white_black"},"bright_yellow_brown":{"value":2,"colors":["Color(1, 1, 0.8117647767067, 0.29803922772408)","Color(1, 0.50196081399918, 0.27450981736183, 0.050980396568775)"],"pcs":[10,20,30,40],"name_id":"bm_clr_bright_yellow_brown"},"orange_purple":{"value":2,"colors":["Color(1, 1, 0.36862745881081, 0.05882353335619)","Color(1, 0.60392159223557, 0.26666668057442, 0.86274516582489)"],"pcs":[10,20,30,40],"name_id":"bm_clr_orange_purple"},"brown_solid":{"value":8,"colors":["Color(1, 0.50196081399918, 0.27450981736183, 0.050980396568775)","Color(1, 0.50196081399918, 0.27450981736183, 0.050980396568775)"],"pcs":[10,20,30,40],"name_id":"bm_clr_brown_solid"},"turquoise_pink":{"value":1,"colors":["Color(1, 0, 0.81960791349411, 0.61568629741669)","Color(1, 1, 0.47843140363693, 0.90196084976196)"],"pcs":[10,20,30,40],"name_id":"bm_clr_turquoise_pink"},"white_brown":{"value":3,"colors":["Color(1, 1, 1, 1)","Color(1, 0.50196081399918, 0.27450981736183, 0.050980396568775)"],"pcs":[10,20,30,40],"name_id":"bm_clr_white_brown"},"cyan_orange":{"value":3,"colors":["Color(1, 0, 1, 1)","Color(1, 1, 0.36862745881081, 0.05882353335619)"],"pcs":[10,20,30,40],"name_id":"bm_clr_cyan_orange"},"warm_yellow_bright_yellow":{"value":3,"colors":["Color(1, 0.98039221763611, 0.61568629741669, 0.027450982481241)","Color(1, 1, 0.8117647767067, 0.29803922772408)"],"pcs":[10,20,30,40],"name_id":"bm_clr_warm_yellow_bright_yellow"},"cyan_purple":{"value":5,"colors":["Color(1, 0, 1, 1)","Color(1, 0.60392159223557, 0.26666668057442, 0.86274516582489)"],"pcs":[10,20,30,40],"name_id":"bm_clr_cyan_purple"},"bone_white_light_blue":{"value":1,"colors":["Color(1, 1, 0.93333339691162, 0.59215688705444)","Color(1, 0.49411767721176, 0.77647066116333, 0.93333339691162)"],"pcs":[10,20,30,40],"name_id":"bm_clr_bone_white_light_blue"},"yellow_solid":{"value":6,"colors":["Color(1, 1, 1, 0)","Color(1, 1, 1, 0)"],"pcs":[10,20,30,40],"name_id":"bm_clr_yellow_solid"},"cobalt_blue_white":{"value":4,"colors":["Color(1, 0, 0.3647058904171, 0.78039222955704)","Color(1, 1, 1, 1)"],"pcs":[10,20,30,40],"name_id":"bm_clr_cobalt_blue_white"},"bright_yellow_olive_green":{"value":1,"colors":["Color(1, 1, 0.8117647767067, 0.29803922772408)","Color(1, 0.28235295414925, 0.35294118523598, 0.19607844948769)"],"pcs":[10,20,30,40],